productId,x,y
product-HS92-758,783.5918367346939,447.04992435703474
product-HS92-924,747.4897959183673,111.19515885022693
product-HS92-650,664.0408163265306,495.15885022692885
product-HS92-651,710.2040816326531,392.5869894099848
product-HS92-652,427.89795918367344,457.03479576399394
product-HS92-653,807.8571428571428,506.9591527987897
product-HS92-654,738.6122448979592,418.45688350983363
product-HS92-655,,
product-HS92-656,719.6734693877551,472.4659606656581
product-HS92-657,651.0204081632653,480.6354009077156
product-HS92-658,438.55102040816325,420.27231467473524
product-HS92-659,930.3673469387754,585.9304084720121
product-HS92-660,,
product-HS92-661,710.2040816326531,494.70499243570345
product-HS92-662,397.7142857142857,464.750378214826
product-HS92-663,674.1020408163265,483.8124054462935
product-HS92-664,,
product-HS92-665,445.0612244897959,440.24205748865353
product-HS92-666,710.2040816326531,562.3298033282905
product-HS92-667,653.3877551020408,535.5521936459909
product-HS92-668,655.7551020408164,507.8668683812406
product-HS92-669,677.0612244897959,505.59757942511345
product-HS92-670,677.6530612244898,529.198184568835
product-HS92-671,652.204081632653,553.7065052950076
product-HS92-672,672.9183673469388,545.5370650529501
product-HS92-673,741.5714285714286,386.232980332829
product-HS92-925,,
product-HS92-674,827.3877551020408,407.56429652042357
product-HS92-675,685.3469387755101,371.7095310136157
product-HS92-676,673.5102040816327,466.1119515885023
product-HS92-677,629.7142857142857,462.0272314674735
product-HS92-678,787.1428571428572,368.98638426626326
product-HS92-679,727.9591836734694,259.60665658093797
product-HS92-680,,
product-HS92-681,973.5714285714286,223.29803328290467
product-HS92-682,,
product-HS92-683,,
product-HS92-684,,
product-HS92-685,,
product-HS92-686,725.5918367346939,520.1210287443268
product-HS92-687,,
product-HS92-688,,
product-HS92-689,,
product-HS92-690,,
product-HS92-691,,
product-HS92-692,,
product-HS92-693,698.9591836734693,489.25869894099844
product-HS92-694,626.1632653061225,532.375189107413
product-HS92-695,971.795918367347,584.1149773071104
product-HS92-696,1160,235.0983358547655
product-HS92-697,631.4897959183673,544.1754916792738
product-HS92-698,851.0612244897959,575.0378214826021
product-HS92-699,957,551.4372163388805
product-HS92-700,926.8163265306123,510.59001512859305
product-HS92-701,967.6530612244898,531.9213313161875
product-HS92-702,987.7755102040817,533.2829046898638
product-HS92-703,986,550.5295007564297
product-HS92-704,950.4897959183675,586.3842662632375
product-HS92-705,904.9183673469388,427.08018154311645
product-HS92-706,876.5102040816327,384.8714069591528
product-HS92-707,936.8775510204081,473.82753403933435
product-HS92-708,,
product-HS92-709,945.1632653061225,500.6051437216339
product-HS92-710,888.3469387755102,495.15885022692885
product-HS92-711,585.9183673469387,587.2919818456884
product-HS92-712,1095.4897959183675,307.26172465960667
product-HS92-713,819.1020408163265,461.5733736762481
product-HS92-714,610.1836734693878,575.0378214826021
product-HS92-715,883.6122448979592,415.7337367624811
product-HS92-716,906.6938775510205,591.8305597579425
product-HS92-717,913.204081632653,528.7443267776097
product-HS92-718,871.7755102040816,434.3419062027231
product-HS92-719,936.2857142857143,545.5370650529501
product-HS92-720,949.8979591836735,515.1285930408471
product-HS92-721,898.408163265306,441.6036308623298
product-HS92-802,,
product-HS92-722,872.3673469387755,336.3086232980333
product-HS92-723,,
product-HS92-724,929.7755102040817,532.375189107413
product-HS92-725,,
product-HS92-726,625.5714285714286,567.7760968229954
product-HS92-727,1118.5714285714287,496.9742813918306
product-HS92-728,,
product-HS92-729,639.1836734693877,561.4220877458397
product-HS92-730,,
product-HS92-731,,
product-HS92-732,,
product-HS92-733,,
product-HS92-734,,
product-HS92-735,1041.6326530612246,345.839636913767
product-HS92-736,601.8979591836734,495.15885022692885
product-HS92-737,,
product-HS92-738,605.4489795918367,477.00453857791223
product-HS92-739,,
product-HS92-740,764.6530612244899,463.38880484114975
product-HS92-741,1130.4081632653063,481.99697428139183
product-HS92-742,636.8163265306123,494.70499243570345
product-HS92-743,,
product-HS92-744,900.7755102040816,274.5839636913767
product-HS92-745,,
product-HS92-746,690.6734693877551,430.71104387291984
product-HS92-747,849.2857142857142,408.92586989409983
product-HS92-748,,
product-HS92-749,,
product-HS92-750,578.8163265306123,425.26475037821484
product-HS92-751,724.4081632653061,491.52798789712557
product-HS92-752,,
product-HS92-753,299.46938775510205,401.21028744326776
product-HS92-754,1113.2448979591836,478.81996974281395
product-HS92-755,,
product-HS92-756,,
product-HS92-757,609.5918367346939,462.48108925869894
product-HS92-759,886.5714285714286,240.54462934947048
product-HS92-760,1022.1020408163265,547.8063540090772
product-HS92-761,904.9183673469388,463.8426626323752
product-HS92-762,,
product-HS92-763,982.4489795918367,322.2390317700454
product-HS92-764,1104.9591836734694,503.7821482602118
product-HS92-765,,
product-HS92-766,214.83673469387756,68.98638426626324
product-HS92-767,,
product-HS92-768,717.3061224489795,432.98033282904686
product-HS92-769,,
product-HS92-770,,
product-HS92-771,,
product-HS92-772,,
product-HS92-773,,
product-HS92-774,653.3877551020408,496.0665658093797
product-HS92-775,,
product-HS92-776,690.0816326530612,583.661119515885
product-HS92-777,,
product-HS92-778,,
product-HS92-779,1005.530612244898,536.9137670196671
product-HS92-780,,
product-HS92-781,1000.7959183673469,553.2526475037822
product-HS92-782,,
product-HS92-783,1146.9795918367347,263.6913767019667
product-HS92-784,778.8571428571428,460.6656580937972
product-HS92-785,1139.8775510204082,278.66868381240545
product-HS92-786,620.2448979591836,449.31921331316187
product-HS92-787,990.7346938775511,487.89712556732223
product-HS92-788,861.7142857142858,437.9727685325265
product-HS92-789,859.938775510204,405.29500756429655
product-HS92-790,227.85714285714286,519.2133131618759
product-HS92-791,63.91836734693878,254.6142208774584
product-HS92-792,72.20408163265306,237.82148260211798
product-HS92-793,,
product-HS92-794,,
product-HS92-795,743.3469387755102,349.4704992435704
product-HS92-796,769.9795918367347,388.50226928895614
product-HS92-797,,
product-HS92-798,699.5510204081633,529.198184568835
product-HS92-799,680.6122448979593,560.0605143721634
product-HS92-800,916.7551020408163,256.4296520423601
product-HS92-801,495.9591836734694,462.93494704992435
product-HS92-803,880.061224489796,351.7397881996974
product-HS92-804,1096.673469387755,290.01512859304086
product-HS92-805,,
product-HS92-806,1097.857142857143,251.8910741301059
product-HS92-807,1103.7755102040817,274.1301059001513
product-HS92-808,1122.1224489795918,263.6913767019667
product-HS92-809,845.7346938775511,324.5083207261724
product-HS92-810,819.1020408163265,391.6792738275341
product-HS92-811,1135.142857142857,363.9939485627837
product-HS92-812,,
product-HS92-813,728.5510204081633,393.4947049924357
product-HS92-814,847.5102040816327,359.45537065052946
product-HS92-815,877.1020408163265,324.054462934947
product-HS92-816,891.8979591836734,531.4674735249622
product-HS92-817,64.51020408163265,217.39788199697426
product-HS92-818,435.59183673469386,463.38880484114975
product-HS92-819,884.7959183673469,365.35552193645987
product-HS92-820,,
product-HS92-821,848.6938775510204,374.4326777609682
product-HS92-822,890.1224489795918,378.51739788199694
product-HS92-896,755.7755102040816,0
product-HS92-897,,
product-HS92-823,862.8979591836735,384.8714069591528
product-HS92-824,843.9591836734693,281.3918305597579
product-HS92-825,748.6734693877552,378.97125567322234
product-HS92-826,745.7142857142858,366.71709531013613
product-HS92-827,825.0204081632653,379.8789712556732
product-HS92-828,773.530612244898,371.7095310136157
product-HS92-829,784.7755102040817,382.60211800302574
product-HS92-830,651.0204081632653,452.0423600605144
product-HS92-831,846.3265306122448,340.84720121028744
product-HS92-832,587.1020408163265,431.16490166414525
product-HS92-833,935.1020408163265,560.9682299546142
product-HS92-834,,
product-HS92-835,,
product-HS92-836,598.3469387755102,424.81089258698944
product-HS92-837,603.0816326530612,408.018154311649
product-HS92-838,,
product-HS92-839,723.8163265306123,528.7443267776097
product-HS92-840,901.9591836734694,211.9515885022693
product-HS92-841,1070.0408163265306,489.7125567322239
product-HS92-842,295.9183673469388,359.9092284417549
product-HS92-843,,
product-HS92-844,795.4285714285714,186.9894099848714
product-HS92-845,,
product-HS92-846,,
product-HS92-847,754.5918367346939,400.3025718608169
product-HS92-848,927.4081632653061,425.26475037821484
product-HS92-849,860.530612244898,326.3237518910741
product-HS92-850,832.7142857142857,431.61875945537065
product-HS92-851,653.3877551020408,580.9379727685325
product-HS92-852,,
product-HS92-853,924.4489795918367,180.18154311649016
product-HS92-854,,
product-HS92-855,1001.3877551020408,514.6747352496218
product-HS92-856,,
product-HS92-857,119.55102040816327,87.14069591527988
product-HS92-858,569.9387755102041,467.4735249621785
product-HS92-859,,
product-HS92-860,720.8571428571429,13.161875945537064
product-HS92-861,,
product-HS92-862,,
product-HS92-863,,
product-HS92-864,,
product-HS92-865,865.8571428571429,561.875945537065
product-HS92-866,677.0612244897959,245.08320726172465
product-HS92-898,,
product-HS92-867,821.469387755102,433.8880484114977
product-HS92-868,,
product-HS92-869,217.20408163265307,564.1452344931921
product-HS92-870,828.5714285714286,469.7428139183056
product-HS92-871,,
product-HS92-872,,
product-HS92-873,904.9183673469388,326.77760968229956
product-HS92-874,,
product-HS92-875,,
product-HS92-876,,
product-HS92-877,,
product-HS92-878,,
product-HS92-879,635.6326530612245,34.039334341906205
product-HS92-880,127.83673469387756,304.99243570347954
product-HS92-881,0,211.49773071104389
product-HS92-882,62.734693877551024,306.80786686838127
product-HS92-883,752.2244897959183,31.77004538577912
product-HS92-884,66.87755102040816,290.01512859304086
product-HS92-885,48.53061224489796,330.86232980332824
product-HS92-886,462.81632653061223,517.3978819969743
product-HS92-887,891.8979591836734,578.21482602118
product-HS92-888,883.6122448979592,600
product-HS92-889,,
product-HS92-890,313.6734693877551,174.28139183055976
product-HS92-891,,
product-HS92-892,29.591836734693878,299.5461422087746
product-HS92-893,89.95918367346938,321.78517397881996
product-HS92-894,310.7142857142857,189.25869894099847
product-HS92-895,328.46938775510205,179.72768532526473
product-HS92-899,,
product-HS92-900,545.6734693877551,476.0968229954614
product-HS92-901,,
product-HS92-902,485.30612244897964,508.3207261724659
product-HS92-903,,
product-HS92-904,352.734693877551,167.0196671709531
product-HS92-905,453.93877551020404,454.3116490166414
product-HS92-906,,
product-HS92-907,,
product-HS92-908,714.938775510204,175.1891074130106
product-HS92-909,616.1020408163265,212.85930408472012
product-HS92-910,878.8775510204082,76.24810892586989
product-HS92-911,807.8571428571428,104.38729198184569
product-HS92-912,875.9183673469387,177.00453857791226
product-HS92-913,381.14285714285717,142.05748865355523
product-HS92-914,729.1428571428571,122.99546142208774
product-HS92-915,553.3673469387755,489.7125567322239
product-HS92-916,557.5102040816327,468.83509833585475
product-HS92-917,784.7755102040817,406.2027231467473
product-HS92-918,,
product-HS92-919,,
product-HS92-920,353.3265306122449,211.04387291981845
product-HS92-921,477.61224489795916,171.55824508320728
product-HS92-922,,
product-HS92-923,,
product-HS92-926,729.1428571428571,41.75491679273828
product-HS92-927,,
product-HS92-928,354.51020408163265,476.0968229954614
product-HS92-929,,
product-HS92-930,,
product-HS92-931,833.3061224489795,156.1270801815431
product-HS92-932,524.9591836734694,229.65204236006053
product-HS92-933,,
product-HS92-934,,
product-HS92-935,446.8367346938776,483.8124054462935
product-HS92-936,,
product-HS92-937,,
product-HS92-938,374.0408163265306,561.4220877458397
product-HS92-939,37.285714285714285,167.0196671709531
product-HS92-940,,
product-HS92-941,,
product-HS92-942,499.51020408163265,160.66565809379728
product-HS92-943,304.204081632653,463.8426626323752
product-HS92-944,125.46938775510205,152.49621785173977
product-HS92-945,,
product-HS92-946,,
product-HS92-947,,
product-HS92-948,,
product-HS92-949,,
product-HS92-950,558.1020408163265,503.3282904689864
product-HS92-951,604.8571428571429,527.3827534039334
product-HS92-952,736.2448979591836,77.60968229954614
product-HS92-953,109.48979591836734,135.24962178517399
product-HS92-954,,
product-HS92-955,,
product-HS92-956,,
product-HS92-957,,
product-HS92-958,491.2244897959184,184.2662632375189
product-HS92-1057,690.0816326530612,483.8124054462935
product-HS92-959,,
product-HS92-960,509.57142857142856,483.8124054462935
product-HS92-961,111.26530612244898,296.36913767019666
product-HS92-962,,
product-HS92-963,,
product-HS92-964,,
product-HS92-965,,
product-HS92-966,370.48979591836735,217.8517397881997
product-HS92-967,,
product-HS92-968,,
product-HS92-969,907.8775510204081,127.08018154311648
product-HS92-970,274.6122448979592,165.20423600605145
product-HS92-971,157.42857142857142,178.81996974281392
product-HS92-972,565.795918367347,483.8124054462935
product-HS92-973,854.0204081632653,147.95763993948563
product-HS92-974,133.16326530612244,163.38880484114978
product-HS92-975,176.9591836734694,203.32829046898638
product-HS92-976,,
product-HS92-977,216.02040816326533,136.15733736762482
product-HS92-978,131.3877551020408,193.79727685325264
product-HS92-979,,
product-HS92-980,182.87755102040816,163.38880484114978
product-HS92-981,,
product-HS92-982,175.18367346938777,223.7518910741301
product-HS92-1058,,
product-HS92-983,246.20408163265304,285.02269288956126
product-HS92-984,143.22448979591837,264.14523449319216
product-HS92-985,111.26530612244898,201.5128593040847
product-HS92-986,163.3469387755102,278.66868381240545
product-HS92-987,,
product-HS92-988,169.85714285714286,151.13464447806356
product-HS92-989,146.77551020408163,135.7034795763994
product-HS92-990,148.55102040816328,78.9712556732224
product-HS92-991,310.1224489795918,324.9621785173979
product-HS92-992,117.77551020408163,118.45688350983359
product-HS92-993,172.81632653061226,137.51891074130106
product-HS92-994,288.2244897959184,170.19667170953102
product-HS92-995,,
product-HS92-996,,
product-HS92-997,313.6734693877551,223.29803328290467
product-HS92-998,178.734693877551,177.45839636913766
product-HS92-999,116,177.45839636913766
product-HS92-1000,162.75510204081633,165.20423600605145
product-HS92-1001,162.16326530612247,129.80332829046898
product-HS92-1002,91.14285714285714,169.7428139183056
product-HS92-1003,146.18367346938777,152.04236006051437
product-HS92-1004,203,206.95915279878972
product-HS92-1005,215.42857142857144,174.7352496217852
product-HS92-1006,,
product-HS92-1007,355.6938775510204,523.7518910741301
product-HS92-1008,,
product-HS92-1009,192.34693877551018,276.3993948562784
product-HS92-1010,,
product-HS92-1011,262.7755102040816,135.24962178517399
product-HS92-1012,216.02040816326533,262.3298033282905
product-HS92-1013,622.6122448979592,373.07110438729194
product-HS92-1014,586.5102040816327,379.8789712556732
product-HS92-1015,482.9387755102041,212.40544629349472
product-HS92-1016,236.14285714285714,258.2450832072617
product-HS92-1017,,
product-HS92-1018,812.5918367346939,162.93494704992435
product-HS92-1019,84.0408163265306,221.48260211800303
product-HS92-1020,362.7959183673469,139.78819969742813
product-HS92-1021,765.8367346938776,427.9878971255673
product-HS92-1022,,
product-HS92-1023,,
product-HS92-1024,,
product-HS92-1025,107.12244897959184,223.29803328290467
product-HS92-1026,,
product-HS92-1027,313.08163265306126,240.0907715582451
product-HS92-1028,189.3877551020408,154.76550680786687
product-HS92-1029,671.1428571428572,399.8487140695915
product-HS92-1030,694.8163265306122,384.8714069591528
product-HS92-1031,,
product-HS92-1032,,
product-HS92-1033,614.3265306122449,416.1875945537065
product-HS92-1034,,
product-HS92-1035,636.2244897959183,368.5325264750378
product-HS92-1036,221.93877551020407,204.23600605143722
product-HS92-1037,848.1020408163266,433.8880484114977
product-HS92-1038,260.40816326530614,175.642965204236
product-HS92-1039,419.0204081632653,535.5521936459909
product-HS92-1040,418.42857142857144,512.4054462934947
product-HS92-1041,655.1632653061225,368.0786686838124
product-HS92-1042,665.8163265306123,243.267776096823
product-HS92-1043,621.4285714285714,387.5945537065053
product-HS92-1044,887.1632653061224,332.67776096822996
product-HS92-1045,717.8979591836735,339.03177004538577
product-HS92-1046,223.12244897959184,233.73676248108924
product-HS92-1047,247.9795918367347,131.61875945537065
product-HS92-1048,665.2244897959183,378.0635400907716
product-HS92-1049,701.9183673469388,152.04236006051437
product-HS92-1050,,
product-HS92-1051,662.265306122449,474.28139183055976
product-HS92-1052,,
product-HS92-1053,238.51020408163265,320.42360060514375
product-HS92-1054,230.81632653061223,281.8456883509833
product-HS92-1055,150.3265306122449,508.3207261724659
product-HS92-1056,650.4285714285714,402.1180030257186
product-HS92-1059,,
product-HS92-1060,792.469387755102,457.03479576399394
product-HS92-1061,,
product-HS92-1062,,
product-HS92-1063,,
product-HS92-1064,164.53061224489798,214.22087745839636
product-HS92-1065,137.89795918367346,210.59001512859302
product-HS92-1066,155.6530612244898,232.375189107413
product-HS92-1067,,
product-HS92-1068,,
product-HS92-1069,,
product-HS92-1070,142.6326530612245,186.53555219364597
product-HS92-1071,420.795918367347,429.3494704992436
product-HS92-1072,93.51020408163265,246.44478063540092
product-HS92-1073,,
product-HS92-1074,,
product-HS92-1075,,
product-HS92-1076,59.183673469387756,232.375189107413
product-HS92-1077,,
product-HS92-1078,243.83673469387753,308.1694402420575
product-HS92-1079,513.7142857142857,426.62632375189105
product-HS92-1080,461.0408163265306,178.81996974281392
product-HS92-1081,115.40816326530611,158.8502269288956
product-HS92-1082,98.83673469387755,274.5839636913767
product-HS92-1083,,
product-HS92-1084,675.8775510204082,423.9031770045386
product-HS92-1085,209.51020408163265,236.00605143721634
product-HS92-1086,462.81632653061223,414.37216338880484
product-HS92-1087,292.36734693877554,127.98789712556733
product-HS92-1088,76.93877551020408,448.411497730711
product-HS92-1089,,
product-HS92-1090,,
product-HS92-1091,223.12244897959184,194.25113464447807
product-HS92-1092,232,185.62783661119516
product-HS92-1093,638,414.37216338880484
product-HS92-1094,700.7346938775511,95.76399394856278
product-HS92-1095,344.44897959183675,239.18305597579425
product-HS92-1096,189.3877551020408,454.76550680786687
product-HS92-1097,443.2857142857143,174.7352496217852
product-HS92-1098,105.93877551020408,233.73676248108924
product-HS92-1099,185.24489795918367,194.25113464447807
product-HS92-1100,184.6530612244898,477.4583963691377
product-HS92-1101,188.79591836734696,221.48260211800303
product-HS92-1102,536.795918367347,320.42360060514375
product-HS92-1103,185.24489795918367,211.49773071104389
product-HS92-1104,163.9387755102041,193.3434190620272
product-HS92-1105,247.3877551020408,206.95915279878972
product-HS92-1106,245.6122448979592,165.65809379727685
product-HS92-1107,342.0816326530612,231.01361573373674
product-HS92-1108,747.4897959183673,453.857791225416
product-HS92-1109,433.2244897959184,383.05597579425114
product-HS92-1110,690.6734693877551,403.9334341906203
product-HS92-1111,285.265306122449,196.52042360060514
product-HS92-1112,266.3265306122449,206.05143721633888
product-HS92-1113,646.8775510204081,384.8714069591528
product-HS92-1114,709.6122448979592,407.11043872919817
product-HS92-1115,674.6938775510204,344.02420574886537
product-HS92-1116,867.0408163265306,368.0786686838124
product-HS92-1117,1103.1836734693877,375.34039334341907
product-HS92-1118,800.7551020408164,334.0393343419062
product-HS92-1119,532.6530612244898,279.57639939485625
product-HS92-1120,1117.9795918367347,290.9228441754917
product-HS92-1142,804.3061224489796,484.72012102874436
product-HS92-1121,260.40816326530614,188.8048411497731
product-HS92-1122,,
product-HS92-1123,,
product-HS92-1124,532.6530612244898,347.6550680786687
product-HS92-1125,,
product-HS92-1126,,
product-HS92-1127,535.0204081632653,303.17700453857793
product-HS92-1128,487.67346938775506,304.53857791225414
product-HS92-1129,501.28571428571433,294.553706505295
product-HS92-1130,711.9795918367347,251.8910741301059
product-HS92-1131,711.3877551020408,269.5915279878971
product-HS92-1132,662.265306122449,187.89712556732223
product-HS92-1133,239.10204081632654,300
product-HS92-1134,175.77551020408166,491.07413010590017
product-HS92-1135,547.4489795918367,268.22995461422084
product-HS92-1136,,
product-HS92-1137,806.6734693877551,424.81089258698944
product-HS92-1138,809.6326530612246,444.7806354009077
product-HS92-1139,,
product-HS92-1140,1074.7755102040817,289.56127080181545
product-HS92-1141,803.7142857142857,459.30408472012107
product-HS92-1248,,
product-HS92-1143,1064.1224489795918,307.26172465960667
product-HS92-1144,,
product-HS92-1145,,
product-HS92-1146,,
product-HS92-1147,,
product-HS92-1148,647.469387755102,122.99546142208774
product-HS92-1149,246.79591836734693,509.2284417549168
product-HS92-1150,675.2857142857143,117.54916792738275
product-HS92-1151,,
product-HS92-1152,655.1632653061225,279.12254160363085
product-HS92-1153,,
product-HS92-1154,347.4081632653061,189.25869894099847
product-HS92-1155,683.5714285714286,282.7534039334342
product-HS92-1156,674.1020408163265,95.31013615733737
product-HS92-1157,,
product-HS92-1158,755.1836734693878,309.53101361573374
product-HS92-1159,,
product-HS92-1160,797.204081632653,248.26021180030256
product-HS92-1161,,
product-HS92-1162,,
product-HS92-1163,,
product-HS92-1249,,
product-HS92-1164,784.7755102040817,231.01361573373674
product-HS92-1165,782.4081632653061,263.6913767019667
product-HS92-1166,767.6122448979592,245.9909228441755
product-HS92-1167,768.795918367347,357.18608169440245
product-HS92-1168,763.469387755102,337.6701966717095
product-HS92-1169,806.6734693877551,212.40544629349472
product-HS92-1170,,
product-HS92-1171,693.6326530612245,184.2662632375189
product-HS92-1172,752.8163265306123,346.29349470499244
product-HS92-1173,,
product-HS92-1174,,
product-HS92-1175,776.4897959183673,306.80786686838127
product-HS92-1176,,
product-HS92-1177,1076.5510204081631,334.49319213313163
product-HS92-1178,728.5510204081633,310.89258698940995
product-HS92-1179,,
product-HS92-1180,,
product-HS92-1181,,
product-HS92-1182,,
product-HS92-1183,,
product-HS92-1252,,
product-HS92-1184,1087.795918367347,323.1467473524962
product-HS92-1185,,
product-HS92-1186,49.12244897959184,205.14372163388805
product-HS92-1187,45.57142857142857,225.11346444780636
product-HS92-1188,,
product-HS92-1189,229.6326530612245,109.37972768532526
product-HS92-1190,,
product-HS92-1191,709.0204081632653,377.15582450832073
product-HS92-1192,281.1224489795918,304.08472012102874
product-HS92-1193,539.7551020408163,218.30559757942513
product-HS92-1194,825.6122448979593,272.76853252647504
product-HS92-1195,547.4489795918367,187.89712556732223
product-HS92-1196,670.5510204081633,387.5945537065053
product-HS92-1197,301.2448979591837,304.08472012102874
product-HS92-1198,,
product-HS92-1199,830.3469387755101,332.2239031770045
product-HS92-1200,201.22448979591837,103.93343419062028
product-HS92-1201,305.3877551020408,284.56883509833585
product-HS92-1250,1085.4285714285713,431.16490166414525
product-HS92-1202,519.0408163265306,306.80786686838127
product-HS92-1203,,
product-HS92-1204,259.81632653061223,157.03479576399394
product-HS92-1205,76.93877551020408,126.17246596066566
product-HS92-1206,,
product-HS92-1207,,
product-HS92-1208,693.0408163265306,358.0937972768532
product-HS92-1209,809.6326530612246,342.6626323751891
product-HS92-1210,864.6734693877551,351.7397881996974
product-HS92-1211,1053.4693877551022,319.5158850226929
product-HS92-1212,798.3877551020408,379.4251134644478
product-HS92-1213,,
product-HS92-1214,691.8571428571429,342.6626323751891
product-HS92-1215,349.18367346938777,448.86535552193646
product-HS92-1216,725,383.05597579425114
product-HS92-1217,,
product-HS92-1218,,
product-HS92-1219,,
product-HS92-1251,,
product-HS92-1220,,
product-HS92-1221,1139.8775510204082,441.6036308623298
product-HS92-1222,318.40816326530614,282.2995461422088
product-HS92-1223,294.734693877551,498.78971255673224
product-HS92-1224,,
product-HS92-1225,664.6326530612246,353.5552193645991
product-HS92-1226,,
product-HS92-1227,,
product-HS92-1228,,
product-HS92-1229,,
product-HS92-1230,,
product-HS92-1231,,
product-HS92-1232,252.12244897959184,388.0484114977307
product-HS92-1233,691.8571428571429,42.662632375189105
product-HS92-1234,,
product-HS92-1235,,
product-HS92-1236,,
product-HS92-1237,667.5918367346939,78.51739788199697
product-HS92-1238,,
product-HS92-1239,746.3061224489796,284.56883509833585
product-HS92-1240,,
product-HS92-1241,,
product-HS92-1242,,
product-HS92-1243,522.5918367346939,166.56580937972768
product-HS92-1244,507.7959183673469,197.42813918305598
product-HS92-1245,,
product-HS92-1246,1100.2244897959183,454.3116490166414
product-HS92-1247,,
product-HS92-1253,1023.8775510204082,444.3267776096823
product-HS92-1254,1028.0204081632653,426.62632375189105
product-HS92-1255,938.0612244897959,442.96520423600606
product-HS92-1256,1023.8775510204082,412.10287443267777
product-HS92-1257,,
product-HS92-1258,,
product-HS92-1259,,
product-HS92-1260,,
product-HS92-1261,,
product-HS92-1262,,
product-HS92-1263,,
product-HS92-1264,,
product-HS92-1265,,
product-HS92-1266,497.734693877551,220.12102874432676
product-HS92-1267,,
product-HS92-1268,,
product-HS92-1269,1034.530612244898,386.232980332829
product-HS92-1270,206.55102040816325,467.9273827534039
product-HS92-1271,313.08163265306126,445.23449319213313
product-HS92-1272,599.530612244898,444.3267776096823
product-HS92-1295,552.7755102040817,339.4856278366112
product-HS92-1316,981.265306122449,482.90468986384263
product-HS92-1273,,
product-HS92-1274,,
product-HS92-1275,987.1836734693877,441.6036308623298
product-HS92-1276,949.3061224489796,406.2027231467473
product-HS92-1277,946.9387755102041,428.4417549167927
product-HS92-1278,139.0816326530612,235.0983358547655
product-HS92-1279,736.2448979591836,214.22087745839636
product-HS92-1280,58,145.68835098335856
product-HS92-1281,,
product-HS92-1282,,
product-HS92-1283,,
product-HS92-1284,,
product-HS92-1285,958.7755102040817,388.50226928895614
product-HS92-1286,673.5102040816327,136.15733736762482
product-HS92-1287,,
product-HS92-1288,1007.8979591836735,457.48865355521934
product-HS92-1289,1013.2244897959184,434.3419062027231
product-HS92-1290,998.4285714285714,431.16490166414525
product-HS92-1291,990.7346938775511,400.3025718608169
product-HS92-1292,968.8367346938775,454.76550680786687
product-HS92-1293,830.9387755102041,234.64447806354008
product-HS92-1294,699.5510204081633,332.67776096822996
product-HS92-1296,,
product-HS92-1297,,
product-HS92-1298,,
product-HS92-1299,841.591836734694,259.60665658093797
product-HS92-1300,693.6326530612245,542.8139183055976
product-HS92-1301,,
product-HS92-1302,621.4285714285714,89.40998487140696
product-HS92-1303,846.3265306122448,540.0907715582451
product-HS92-1304,1051.1020408163265,490.6202723146747
product-HS92-1305,,
product-HS92-1306,837.4489795918367,584.1149773071104
product-HS92-1307,1038.0816326530612,536.0060514372163
product-HS92-1308,,
product-HS92-1309,,
product-HS92-1310,1002.5714285714287,413.91830559757943
product-HS92-1311,,
product-HS92-1312,1059.9795918367347,374.4326777609682
product-HS92-1313,1046.9591836734694,407.11043872919817
product-HS92-1314,,
product-HS92-1315,,
product-HS92-1317,,
product-HS92-1318,,
product-HS92-1319,713.1632653061224,229.65204236006053
product-HS92-1320,457.48979591836735,233.28290468986387
product-HS92-1321,,
product-HS92-1322,,
product-HS92-1323,466.9591836734694,192.4357034795764
product-HS92-1324,,
product-HS92-1325,,
product-HS92-1326,,
product-HS92-1327,,
product-HS92-1328,598.9387755102041,280.0302571860817
product-HS92-1329,1084.2448979591836,399.8487140695915
product-HS92-1330,1063.5306122448978,390.7715582450832
product-HS92-1331,1011.4489795918367,345.839636913767
product-HS92-1332,941.6122448979592,373.9788199697428
product-HS92-1333,983.0408163265306,332.2239031770045
product-HS92-1334,993.6938775510204,360.8169440242057
product-HS92-1335,1036.8979591836735,356.73222390317704
product-HS92-1336,964.6938775510204,379.4251134644478
product-HS92-1337,936.2857142857143,364.4478063540091
product-HS92-1338,971.795918367347,348.1089258698941
product-HS92-1339,997.2448979591837,340.84720121028744
product-HS92-1340,1026.8367346938776,312.2541603630862
product-HS92-1341,1022.6938775510205,356.73222390317704
product-HS92-1342,955.8163265306123,336.7624810892587
product-HS92-1343,,
product-HS92-1344,1006.7142857142858,374.4326777609682
product-HS92-1345,988.3673469387755,295.4614220877458
product-HS92-1346,223.12244897959184,399.8487140695915
product-HS92-1347,1041.6326530612246,367.624810892587
product-HS92-1348,962.3265306122448,301.81543116490167
product-HS92-1349,934.5102040816325,340.84720121028744
product-HS92-1350,965.8775510204082,315.43116490166415
product-HS92-1351,1021.5102040816327,331.3161875945537
product-HS92-1352,1025.6530612244899,367.624810892587
product-HS92-1353,1038.6734693877552,324.9621785173979
product-HS92-1354,978.3061224489795,391.6792738275341
product-HS92-1355,952.265306122449,347.6550680786687
product-HS92-1356,1049.9183673469388,357.18608169440245
product-HS92-1357,1032.7551020408164,339.03177004538577
product-HS92-1358,996.0612244897959,310.89258698940995
product-HS92-1405,,
product-HS92-1359,1052.2857142857142,340.39334341906203
product-HS92-1360,,
product-HS92-1361,645.1020408163265,101.21028744326779
product-HS92-1362,234.95918367346937,502.4205748865355
product-HS92-1363,,
product-HS92-1364,989.5510204081633,373.07110438729194
product-HS92-1365,1060.5714285714284,410.2874432677761
product-HS92-1366,1002.5714285714287,386.232980332829
product-HS92-1367,997.8367346938776,243.267776096823
product-HS92-1368,964.6938775510204,287.7458396369138
product-HS92-1369,933.3265306122449,354.0090771558245
product-HS92-1370,1014.4081632653061,217.39788199697426
product-HS92-1371,984.2244897959184,261.42208774583963
product-HS92-1372,,
product-HS92-1373,698.3673469387755,449.31921331316187
product-HS92-1374,,
product-HS92-1375,,
product-HS92-1376,1043.408163265306,454.76550680786687
product-HS92-1377,1021.5102040816327,389.40998487140695
product-HS92-1378,1039.857142857143,432.5264750378215
product-HS92-1379,944.5714285714286,320.42360060514375
product-HS92-1380,1013.8163265306123,299.5461422087746
product-HS92-1381,,
product-HS92-1382,,
product-HS92-1383,,
product-HS92-1384,,
product-HS92-1404,831.530612244898,370.8018154311649
product-HS92-1385,1030.9795918367347,464.2965204236006
product-HS92-1386,215.42857142857144,453.857791225416
product-HS92-1387,,
product-HS92-1388,262.7755102040816,471.1043872919819
product-HS92-1389,,
product-HS92-1390,,
product-HS92-1391,,
product-HS92-1392,1099.0408163265306,557.3373676248109
product-HS92-1393,,
product-HS92-1394,1074.1836734693877,576.3993948562784
product-HS92-1395,862.8979591836735,550.983358547655
product-HS92-1396,879.469387755102,541.9062027231467
product-HS92-1397,,
product-HS92-1398,425.53061224489795,270.9531013615734
product-HS92-1399,530.8775510204082,249.62178517397882
product-HS92-1400,616.1020408163265,359.9092284417549
product-HS92-1401,558.1020408163265,448.86535552193646
product-HS92-1402,,
product-HS92-1403,730.9183673469387,357.63993948562785
product-HS92-1443,221.93877551020407,441.1497730711044
product-HS92-1406,,
product-HS92-1407,568.7551020408163,451.588502269289
product-HS92-1408,,
product-HS92-1409,372.8571428571429,353.5552193645991
product-HS92-1410,,
product-HS92-1411,462.2244897959184,393.4947049924357
product-HS92-1412,266.3265306122449,453.857791225416
product-HS92-1413,,
product-HS92-1414,,
product-HS92-1415,,
product-HS92-1416,328.46938775510205,478.81996974281395
product-HS92-1417,862.3061224489795,539.1830559757942
product-HS92-1418,91.73469387755102,186.53555219364597
product-HS92-1419,903.1428571428571,344.4780635400907
product-HS92-1420,675.2857142857143,179.27382753403933
product-HS92-1421,680.0204081632653,197.42813918305598
product-HS92-1422,651.0204081632653,147.5037821482602
product-HS92-1423,878.8775510204082,559.1527987897125
product-HS92-1424,,
product-HS92-1425,153.28571428571428,209.6822995461422
product-HS92-1426,,
product-HS92-1427,242.06122448979593,329.5007564296521
product-HS92-1428,724.4081632653061,235.0983358547655
product-HS92-1429,143.81632653061226,437.9727685325265
product-HS92-1430,527.3265306122449,264.5990922844175
product-HS92-1431,558.1020408163265,359.00151285930406
product-HS92-1432,446.2448979591837,393.4947049924357
product-HS92-1433,820.8775510204082,359.45537065052946
product-HS92-1434,,
product-HS92-1435,,
product-HS92-1436,679.4285714285714,216.49016641452343
product-HS92-1437,,
product-HS92-1438,,
product-HS92-1439,,
product-HS92-1440,,
product-HS92-1441,102.38775510204081,338.1240544629349
product-HS92-1442,539.1632653061225,368.98638426626326
product-HS92-1444,1102.591836734694,539.1830559757942
product-HS92-1445,1155.857142857143,413.01059001512857
product-HS92-1446,1124.4897959183672,417.54916792738277
product-HS92-1447,,
product-HS92-1448,,
product-HS92-1449,651.6122448979592,64.44780635400907
product-HS92-1450,,
product-HS92-1451,783.5918367346939,487.44326777609683
product-HS92-1452,,
product-HS92-1453,62.14285714285714,169.7428139183056
product-HS92-1454,,
product-HS92-1455,764.0612244897959,511.9515885022693
product-HS92-1456,1106.734693877551,409.3797276853253
product-HS92-1457,,
product-HS92-1458,517.8571428571429,451.13464447806354
product-HS92-1459,,
product-HS92-1460,94.6938775510204,263.6913767019667
product-HS92-1461,,
product-HS92-1462,387.6530612244898,203.78214826021178
product-HS92-1463,770.5714285714286,147.0499243570348
product-HS92-1464,29,218.75945537065053
product-HS92-1465,870,255.52193645990923
product-HS92-1466,469.91836734693874,466.1119515885023
product-HS92-1467,372.8571428571429,167.47352496217852
product-HS92-1468,368.71428571428567,190.62027231467474
product-HS92-1469,752.8163265306123,179.72768532526473
product-HS92-1470,749.8571428571429,162.0272314674735
product-HS92-1471,780.0408163265306,171.55824508320728
product-HS92-1472,511.9387755102041,386.6868381240544
product-HS92-1473,481.1632653061224,435.7034795763994
product-HS92-1474,743.3469387755102,229.65204236006053
product-HS92-1475,736.2448979591836,245.08320726172465
product-HS92-1476,729.1428571428571,428.8956127080181
product-HS92-1477,733.2857142857142,266.86838124054464
product-HS92-1478,739.2040816326531,299.5461422087746
product-HS92-1479,302.42857142857144,199.69742813918305
product-HS92-1480,281.7142857142857,209.6822995461422
product-HS92-1481,258.0408163265306,218.30559757942513
product-HS92-1482,273.42857142857144,361.7246596066566
product-HS92-1483,348,376.24810892586993
product-HS92-1484,375.81632653061223,439.7881996974281
product-HS92-1485,359.2448979591837,226.0211800302572
product-HS92-1486,321.3673469387755,296.36913767019666
product-HS92-1487,322.55102040816325,314.0695915279879
product-HS92-1488,212.46938775510205,535.0983358547655
product-HS92-1489,752.8163265306123,209.22844175491682
product-HS92-1490,355.10204081632656,275.945537065053
product-HS92-1491,489.44897959183675,496.0665658093797
product-HS92-1533,,
product-HS92-1563,,
product-HS92-1492,396.53061224489795,405.7488653555219
product-HS92-1493,848.1020408163266,557.7912254160362
product-HS92-1494,385.87755102040813,262.7836611195159
product-HS92-1495,382.9183673469388,219.21331316187596
product-HS92-1496,789.5102040816325,321.78517397881996
product-HS92-1497,475.24489795918373,293.6459909228442
product-HS92-1498,819.1020408163265,322.6928895612708
product-HS92-1499,734.469387755102,327.68532526475036
product-HS92-1500,820.8775510204082,349.4704992435704
product-HS92-1501,1082.4693877551022,366.71709531013613
product-HS92-1502,716.7142857142858,204.68986384266265
product-HS92-1503,,
product-HS92-1504,708.4285714285714,301.81543116490167
product-HS92-1505,403.6326530612245,290.01512859304086
product-HS92-1506,,
product-HS92-1507,982.4489795918367,191.07413010590017
product-HS92-1508,437.36734693877554,347.6550680786687
product-HS92-1562,,
product-HS92-1509,,
product-HS92-1510,612.5510204081633,290.9228441754917
product-HS92-1511,719.0816326530613,321.78517397881996
product-HS92-1512,520.2244897959183,349.4704992435704
product-HS92-1513,1038.0816326530612,497.8819969742814
product-HS92-1514,329.6530612244898,438.8804841149773
product-HS92-1515,686.530612244898,295.0075642965204
product-HS92-1516,630.3061224489796,331.3161875945537
product-HS92-1517,,
product-HS92-1518,771.7551020408163,81.69440242057489
product-HS92-1519,755.7755102040816,63.08623298033283
product-HS92-1520,870,305.9001512859304
product-HS92-1521,,
product-HS92-1522,,
product-HS92-1523,787.1428571428572,124.357034795764
product-HS92-1524,751.0408163265307,134.34190620272315
product-HS92-1525,288.81632653061223,339.9394856278366
product-HS92-1526,143.22448979591837,451.13464447806354
product-HS92-1527,294.734693877551,317.24659606656576
product-HS92-1528,340.30612244897964,480.6354009077156
product-HS92-1529,442.6938775510204,512.4054462934947
product-HS92-1530,,
product-HS92-1531,,
product-HS92-1532,,
product-HS92-1534,,
product-HS92-1535,443.87755102040813,283.66111951588505
product-HS92-1536,48.53061224489796,280.0302571860817
product-HS92-1537,89.3673469387755,307.7155824508321
product-HS92-1538,,
product-HS92-1539,,
product-HS92-1540,297.10204081632656,275.0378214826021
product-HS92-1541,189.3877551020408,233.73676248108924
product-HS92-1542,245.6122448979592,251.4372163388805
product-HS92-1543,326.1020408163265,216.94402420574886
product-HS92-1544,527.3265306122449,477.00453857791223
product-HS92-1545,854.6122448979592,303.17700453857793
product-HS92-1546,,
product-HS92-1547,806.6734693877551,370.3479576399395
product-HS92-1548,358.0612244897959,200.15128593040845
product-HS92-1549,546.8571428571429,449.77307110438727
product-HS92-1550,563.4285714285714,396.2178517397882
product-HS92-1551,694.8163265306122,314.0695915279879
product-HS92-1552,,
product-HS92-1553,722.0408163265306,368.0786686838124
product-HS92-1554,,
product-HS92-1555,803.7142857142857,272.76853252647504
product-HS92-1556,,
product-HS92-1557,1025.6530612244899,265.05295007564297
product-HS92-1558,958.7755102040817,421.6338880484115
product-HS92-1559,673.5102040816327,321.78517397881996
product-HS92-1560,768.795918367347,222.8441754916793
product-HS92-1561,,
product-HS92-1564,,
product-HS92-1565,,
product-HS92-1566,754,90.77155824508321
product-HS92-1567,,
product-HS92-1568,,
product-HS92-1569,,
product-HS92-1570,,
product-HS92-1571,,
product-HS92-1572,613.1428571428571,274.5839636913767
product-HS92-1573,143.22448979591837,54.91679273827535
product-HS92-1574,,
product-HS92-1575,,
product-HS92-1576,,
product-HS92-1577,,
product-HS92-1578,,
product-HS92-1579,,
product-HS92-1580,92.3265306122449,487.44326777609683
product-HS92-1581,359.2448979591837,547.3524962178518
product-HS92-1582,,
product-HS92-1583,384.1020408163265,543.267776096823
product-HS92-1584,75.16326530612245,314.0695915279879
product-HS92-1585,,
product-HS92-1586,,
product-HS92-1587,174.59183673469389,259.15279878971256
product-HS92-1588,,
product-HS92-1589,,
product-HS92-1590,1048.142857142857,472.4659606656581
product-HS92-1591,477.61224489795916,203.32829046898638
product-HS92-1592,,
product-HS92-1593,957,241.90620272314675
product-HS92-1594,348.59183673469386,329.0468986384266
product-HS92-1595,526.7346938775511,433.8880484114977
product-HS92-1596,351.5510204081633,428.4417549167927
product-HS92-1597,524.9591836734694,360.8169440242057
product-HS92-1598,,
product-HS92-1599,440.9183673469388,301.81543116490167
product-HS92-1600,379.9591836734694,309.07715582450834
product-HS92-1601,314.85714285714283,203.32829046898638
product-HS92-1602,,
product-HS92-1603,74.57142857142857,430.71104387291984
product-HS92-1604,284.0816326530612,183.8124054462935
product-HS92-1605,,
product-HS92-1606,,
product-HS92-1607,1049.3265306122448,517.3978819969743
product-HS92-1608,579.4081632653061,279.12254160363085
product-HS92-1609,582.9591836734694,314.52344931921334
product-HS92-1610,483.53061224489795,457.03479576399394
product-HS92-1611,,
product-HS92-1630,386.46938775510205,343.11649016641456
product-HS92-1631,324.91836734693874,361.2708018154312
product-HS92-1612,449.7959183673469,203.78214826021178
product-HS92-1613,1063.5306122448978,533.2829046898638
product-HS92-1614,385.87755102040813,442.96520423600606
product-HS92-1615,385.87755102040813,319.0620272314675
product-HS92-1616,709.0204081632653,354.4629349470499
product-HS92-1617,,
product-HS92-1618,623.795918367347,281.3918305597579
product-HS92-1619,237.91836734693877,131.16490166414525
product-HS92-1620,623.204081632653,243.267776096823
product-HS92-1621,515.4897959183673,372.16338880484113
product-HS92-1622,593.6122448979592,237.36762481089258
product-HS92-1623,419.0204081632653,226.928895612708
product-HS92-1624,452.16326530612247,333.58547655068077
product-HS92-1625,332.0204081632653,335.8547655068079
product-HS92-1626,384.1020408163265,369.89409984871406
product-HS92-1627,441.51020408163265,319.0620272314675
product-HS92-1628,572.8979591836735,412.55673222390317
product-HS92-1629,207.73469387755102,489.7125567322239
product-HS92-1632,478.2040816326531,364.90166414523446
product-HS92-1633,210.69387755102042,423.4493192133132
product-HS92-1634,331.4285714285714,274.1301059001513
product-HS92-1635,563.4285714285714,318.608169440242
product-HS92-1636,783,339.9394856278366
product-HS92-1637,404.2244897959184,312.2541603630862
product-HS92-1638,348,508.7745839636913
product-HS92-1639,357.469387755102,295.0075642965204
product-HS92-1640,330.83673469387753,375.79425113464447
product-HS92-1641,198.26530612244898,341.30105900151284
product-HS92-1642,374.0408163265306,325.8698940998487
product-HS92-1643,519.0408163265306,285.9304084720121
product-HS92-1644,382.9183673469388,293.19213313161873
product-HS92-1645,251.53061224489795,240.54462934947048
product-HS92-1646,546.2653061224489,352.19364599092285
product-HS92-1723,,
product-HS92-1647,403.6326530612245,473.82753403933435
product-HS92-1648,418.42857142857144,127.98789712556733
product-HS92-1649,594.7959183673469,301.36157337367626
product-HS92-1650,677.0612244897959,309.9848714069592
product-HS92-1651,466.9591836734694,370.3479576399395
product-HS92-1652,578.8163265306123,363.08623298033285
product-HS92-1653,,
product-HS92-1654,493.59183673469386,381.2405446293495
product-HS92-1655,147.3673469387755,305.446293494705
product-HS92-1656,615.5102040816327,345.3857791225416
product-HS92-1657,348.59183673469386,305.9001512859304
product-HS92-1658,184.0612244897959,318.608169440242
product-HS92-1659,342.67346938775506,270.04538577912257
product-HS92-1660,200.6326530612245,328.1391830559758
product-HS92-1661,169.85714285714286,402.571860816944
product-HS92-1662,,
product-HS92-1663,387.6530612244898,493.34341906202724
product-HS92-1664,397.1224489795918,536.0060514372163
product-HS92-1665,284.6734693877551,510.1361573373676
product-HS92-1666,390.61224489795916,450.68078668683813
product-HS92-1667,,
product-HS92-1668,349.7755102040816,414.82602118003024
product-HS92-1669,433.81632653061223,189.25869894099847
product-HS92-1670,492.4081632653061,229.65204236006053
product-HS92-1671,,
product-HS92-1672,400.08163265306126,272.76853252647504
product-HS92-1673,370.48979591836735,235.55219364599094
product-HS92-1674,256.85714285714283,330.4084720121029
product-HS92-1675,366.34693877551024,491.52798789712557
product-HS92-1676,316.0408163265306,393.0408472012103
product-HS92-1677,417.83673469387753,304.53857791225414
product-HS92-1724,109.48979591836734,447.04992435703474
product-HS92-1678,378.7755102040816,458.8502269288956
product-HS92-1679,379.3673469387755,510.1361573373676
product-HS92-1680,508.3877551020408,268.6838124054463
product-HS92-1681,513.1224489795918,231.9213313161876
product-HS92-1682,340.30612244897964,522.3903177004538
product-HS92-1683,550.4081632653061,304.99243570347954
product-HS92-1684,469.32653061224494,324.054462934947
product-HS92-1685,390.0204081632653,234.19062027231467
product-HS92-1686,454.53061224489795,267.77609682299544
product-HS92-1687,,
product-HS92-1688,139.0816326530612,496.5204236006051
product-HS92-1689,94.6938775510204,393.0408472012103
product-HS92-1690,170.44897959183675,424.35703479576404
product-HS92-1691,124.28571428571428,408.47201210287443
product-HS92-1838,,
product-HS92-1692,672.3265306122448,281.3918305597579
product-HS92-1693,347.4081632653061,314.97730711043874
product-HS92-1694,330.83673469387753,229.65204236006053
product-HS92-1695,358.0612244897959,388.0484114977307
product-HS92-1696,340.8979591836735,501.5128593040847
product-HS92-1697,276.38775510204084,233.28290468986387
product-HS92-1698,430.265306122449,237.82148260211798
product-HS92-1699,463.40816326530614,280.9379727685325
product-HS92-1700,454.53061224489795,297.2768532526475
product-HS92-1701,375.2244897959184,275.0378214826021
product-HS92-1702,291.18367346938777,373.5249621785174
product-HS92-1703,437.36734693877554,263.6913767019667
product-HS92-1704,656.9387755102041,298.63842662632374
product-HS92-1705,409.55102040816325,248.714069591528
product-HS92-1706,572.3061224489795,264.5990922844175
product-HS92-1707,633.8571428571428,271.4069591527988
product-HS92-1725,149.73469387755102,393.0408472012103
product-HS92-1708,158.6122448979592,447.04992435703474
product-HS92-1709,100.61224489795919,210.59001512859302
product-HS92-1710,207.14285714285714,442.0574886535552
product-HS92-1711,395.3469387755102,210.13615733736762
product-HS92-1712,60.36734693877551,399.8487140695915
product-HS92-1713,455.7142857142857,161.5733736762481
product-HS92-1714,493,360.3630862329803
product-HS92-1715,466.9591836734694,345.839636913767
product-HS92-1716,117.77551020408163,331.7700453857791
product-HS92-1717,356.28571428571433,343.57034795763997
product-HS92-1718,336.7551020408163,299.09228441754914
product-HS92-1719,319.59183673469386,470.196671709531
product-HS92-1720,102.97959183673468,360.8169440242057
product-HS92-1721,169.26530612244898,477.4583963691377
product-HS92-1722,98.83673469387755,420.27231467473524
product-HS92-1726,162.75510204081633,372.61724659606654
product-HS92-1727,250.3469387755102,224.65960665658093
product-HS92-1728,68.6530612244898,360.3630862329803
product-HS92-1729,182.87755102040816,335.4009077155825
product-HS92-1730,148.55102040816328,477.9122541603631
product-HS92-1731,261,403.0257186081694
product-HS92-1732,198.26530612244898,408.018154311649
product-HS92-1733,541.530612244898,334.49319213313163
product-HS92-1734,231.40816326530611,381.2405446293495
product-HS92-1735,189.9795918367347,427.9878971255673
product-HS92-1736,181.6938775510204,386.6868381240544
product-HS92-1737,159.79591836734693,423.9031770045386
product-HS92-1738,645.6938775510204,290.46898638426626
product-HS92-1739,606.6326530612245,321.78517397881996
product-HS92-1740,557.5102040816327,280.9379727685325
product-HS92-1741,474.6530612244898,264.5990922844175
product-HS92-1742,326.6938775510204,197.42813918305598
product-HS92-1743,159.20408163265307,347.6550680786687
product-HS92-1744,148.55102040816328,415.7337367624811
product-HS92-1745,135.53061224489795,374.88653555219366
product-HS92-1746,190.57142857142858,355.8245083207262
product-HS92-1747,904.3265306122449,359.00151285930406
product-HS92-1748,421.38775510204084,471.5582450832073
product-HS92-1749,634.4489795918367,304.99243570347954
product-HS92-1750,423.7551020408163,282.7534039334342
product-HS92-1751,201.81632653061226,373.5249621785174
product-HS92-1752,507.2040816326531,447.5037821482602
product-HS92-1753,523.1836734693878,458.8502269288956
product-HS92-1754,380.55102040816325,416.6414523449319
product-HS92-1755,333.7959183673469,538.2753403933434
product-HS92-1756,413.6938775510204,391.6792738275341
product-HS92-1757,535.6122448979592,448.411497730711
product-HS92-1758,544.4897959183673,385.7791225416036
product-HS92-1801,182.87755102040816,291.8305597579425
product-HS92-1759,,
product-HS92-1760,675.8775510204082,365.8093797276853
product-HS92-1761,509.57142857142856,357.63993948562785
product-HS92-1762,701.3265306122448,203.78214826021178
product-HS92-1763,590.6530612244898,340.84720121028744
product-HS92-1764,494.18367346938777,345.839636913767
product-HS92-1765,702.5102040816327,265.9606656580938
product-HS92-1766,279.9387755102041,466.56580937972774
product-HS92-1767,416.06122448979596,379.8789712556732
product-HS92-1768,512.530612244898,324.054462934947
product-HS92-1769,518.4489795918367,413.464447806354
product-HS92-1770,435.59183673469386,495.15885022692885
product-HS92-1771,212.46938775510205,512.4054462934947
product-HS92-1772,674.6938775510204,158.8502269288956
product-HS92-1773,185.24489795918367,103.93343419062028
product-HS92-1774,223.71428571428572,496.5204236006051
product-HS92-1775,1074.1836734693877,516.036308623298
product-HS92-1776,759.9183673469388,373.9788199697428
product-HS92-1777,,
product-HS92-1778,448.02040816326536,538.7291981845689
product-HS92-1779,191.16326530612247,547.3524962178518
product-HS92-1780,,
product-HS92-1781,223.12244897959184,143.41906202723146
product-HS92-1782,585.3265306122449,211.9515885022693
product-HS92-1783,625.5714285714286,497.8819969742814
product-HS92-1784,639.7755102040817,348.5627836611195
product-HS92-1785,1090.1632653061224,352.64750378214825
product-HS92-1786,646.2857142857143,173.82753403933435
product-HS92-1787,538.5714285714286,467.01966717095314
product-HS92-1788,455.1224489795918,128.44175491679275
product-HS92-1789,,
product-HS92-1790,140.85714285714286,340.84720121028744
product-HS92-1791,127.24489795918367,430.71104387291984
product-HS92-1792,263.36734693877554,506.9591527987897
product-HS92-1793,287.0408163265306,538.7291981845689
product-HS92-1794,103.57142857142857,475.64296520423596
product-HS92-1795,201.22448979591837,389.40998487140695
product-HS92-1796,,
product-HS92-1797,,
product-HS92-1798,,
product-HS92-1799,213.06122448979593,316.7927382753404
product-HS92-1800,406,523.2980332829047
product-HS92-1802,111.26530612244898,319.0620272314675
product-HS92-1803,316.0408163265306,382.60211800302574
product-HS92-1804,424.3469387755102,175.642965204236
product-HS92-1805,,
product-HS92-1806,478.2040816326531,398.0332829046899
product-HS92-1807,219.57142857142856,358.0937972768532
product-HS92-1808,292.95918367346934,476.0968229954614
product-HS92-1809,295.3265306122449,441.1497730711044
product-HS92-1810,201.22448979591837,184.2662632375189
product-HS92-1811,187.6122448979592,248.26021180030256
product-HS92-1812,523.7755102040816,422.5416036308623
product-HS92-1813,308.34693877551024,260.0605143721634
product-HS92-1814,359.2448979591837,319.5158850226929
product-HS92-1815,279.3469387755102,284.11497730711045
product-HS92-1816,232.59183673469386,216.94402420574886
product-HS92-1817,666.4081632653061,265.50680786686837
product-HS92-1818,490.0408163265306,251.8910741301059
product-HS92-1819,208.32653061224488,345.3857791225416
product-HS92-1820,223.12244897959184,330.4084720121029
product-HS92-1821,407.7755102040816,335.4009077155825
product-HS92-1822,466.3673469387755,253.7065052950076
product-HS92-1823,249.75510204081633,469.28895612708016
product-HS92-1824,1081.2857142857142,541.4523449319214
product-HS92-1825,,
product-HS92-1826,,
product-HS92-1827,253.3061224489796,453.857791225416
product-HS92-1828,,
product-HS92-1829,,
product-HS92-1830,230.22448979591837,445.6883509833586
product-HS92-1831,,
product-HS92-1832,,
product-HS92-1833,225.48979591836735,479.27382753403936
product-HS92-1834,,
product-HS92-1835,242.06122448979593,481.99697428139183
product-HS92-1836,222.53061224489795,469.7428139183056
product-HS92-1837,,
product-HS92-1839,,
product-HS92-1840,,
product-HS92-1841,,
product-HS92-1842,,
product-HS92-1843,131.9795918367347,327.23146747352496
product-HS92-1844,,
product-HS92-1845,165.12244897959187,496.5204236006051
product-HS92-1846,,
product-HS92-1847,,
product-HS92-1848,308.93877551020404,342.6626323751891
product-HS92-1849,,
product-HS92-1850,308.93877551020404,359.45537065052946
product-HS92-1851,414.8775510204082,485.17397881996976
product-HS92-1852,,
product-HS92-1853,649.8367346938775,319.5158850226929
product-HS92-1854,330.83673469387753,251.4372163388805
product-HS92-1855,796.0204081632653,356.2783661119516
product-HS92-1856,947.530612244898,286.8381240544629
product-HS92-1857,553.3673469387755,293.6459909228442
product-HS92-1858,758.734693877551,324.5083207261724
product-HS92-1859,,
product-HS92-1860,,
product-HS92-1861,119.55102040816327,493.34341906202724
product-HS92-1862,369.89795918367344,526.4750378214826
product-HS92-1863,1068.265306122449,555.0680786686838
product-HS92-1864,157.42857142857142,463.8426626323752
product-HS92-1865,1049.9183673469388,426.62632375189105
product-HS92-1866,,
product-HS92-1867,,
product-HS92-1868,,
product-HS92-1869,979.4897959183673,240.0907715582451
product-HS92-1870,,
product-HS92-1871,,
product-HS92-1872,1059.3877551020407,422.99546142208777
product-HS92-1873,1065.8979591836735,437.9727685325265
product-HS92-1874,388.2448979591837,473.82753403933435
product-HS92-1875,972.3877551020408,480.1815431164902
product-HS92-1876,,
product-HS92-1877,,
product-HS92-1878,167.48979591836735,326.3237518910741
product-HS92-1879,262.18367346938777,521.4826021180031
product-HS92-1880,,
product-HS92-1881,,
product-HS92-1882,,
product-HS92-1883,,
product-HS92-1884,,
product-HS92-1885,176.9591836734694,535.0983358547655
product-HS92-1886,,
product-HS92-1887,191.75510204081635,510.1361573373676
product-HS92-1888,,
product-HS92-1889,,
product-HS92-1890,877.6938775510205,515.5824508320726
product-HS92-1891,,
product-HS92-1892,,
product-HS92-4000,,
product-HS92-4001,,
product-HS92-4002,,
product-HS92-4004,,
product-HS92-4100,,
product-HS92-4101,,
product-HS92-4102,,
product-HS92-4103,,
product-HS92-4104,,
product-HS92-4105,,
product-HS92-4106,,
product-HS92-4107,,
product-HS92-4109,,
product-HS92-4110,,
product-HS92-4111,,
product-HS92-4003,,
product-HS92-4108,,